KILEADO ENERO y FEBRERO 2026 NVA. ITALIA,,,,,,,
,,,,,,,
FECHA,ENTRDA,DESCRIPCION DEL PRODUCTO,,,,CANTIDAD,KILEAR Y SUELTO
,SALIDA,,,,,,
08/01/2026,E:2669,GATI MAR,,,,1,K
,S:1931,KEY CAN ,,,,1,
09/01/2026,E:2672,PRO-STAR,,,,1,K
,S:1933,,,,,,
22/01/2026,E:2679,KEY CAN ,,,,1,K
,,PRO-STAR,,,,1,K
,S:1943,PRO-FLOCK,,,,1,K
,,PRO-WIN ,,,,1,K
02/02/2026,E:2688,WORM-EX DE 100 tab,,,,1,S
,S:1957,GATI MAR,,,,1,K
03/02/2026,E:2690,PET MASTER CACHORRO,,,,1,K
,S:1959,,,,,,
06/02/2026,E:2694,PRO-STAR,,,,1,K
,S:1963,,,,,,
18/02/2026,E:2694,GATI MAR,,,,1,K
,S:1963,PRO-STAR,,,,1,K
,,KEY CAN ,,,,1,K
